user,initial_lat,initial_lon,final_lat,final_lon,time_taken,distance
9porcupine,12.9627184,77.646056,12.9604266,77.6458019,86.0,256.31976020234487
Amit kumar Yadav,12.9795777,77.6593211,12.9707053,77.6582932,239.0,992.8330610039317
Anushrut08,12.9406068,77.6169723,12.9386005,77.6191462,138.0,324.45525567076675
Anushrut08,12.9383717,77.6195566,12.945514,77.6230234,306.0,878.5686787979602
Apreethi,12.9536254,77.6214362,12.9480084,77.6245234,37.0,708.5375794450314
Apreethi,12.9498982,77.6239183,12.9477138,77.6233829,8.0,249.727642570586
Apreethi,12.9607842,77.6352858,12.9568334,77.6362231,30.0,450.89744435073385
Apreethi,12.9633695,77.6365725,12.9601389,77.6353141,37.0,384.23722311138147
Arnav Andrew Jose,12.9426306,77.6223732,12.9455523,77.6191553,79.0,476.6054274932472
Arnav Andrew Jose,12.9455523,77.6191553,12.9515758,77.6213248,125.0,709.8466461229602
Arnav Andrew Jose,12.952388,77.6201378,12.9545541,77.6206318,73.0,246.73658106062115
Arnav Andrew Jose,12.9545541,77.6206318,12.9622462,77.6189542,112.0,874.4279138373197
Arnav Andrew Jose,12.9382139,77.6281909,12.9386316,77.6327083,40.0,491.7572104199514
Ashim,12.9642821,77.6716176,12.9606851,77.6700929,16.0,432.74900100534495
Ashim,12.9540944,77.6554884,12.9560453,77.6590272,12.0,440.5860663981862
Ashim,12.9811176,77.6905073,12.9788329,77.6888396,127.0,311.7578368497238
Ashim,12.9810808,77.689932,12.978822,77.6888371,21.0,277.7760561024084
Ashish Vijayaram,12.9512688,77.5951423,12.9455764,77.5965053,8.0,649.9712980042244
Ashok09,12.9846834,77.6748685,12.9837164,77.6790666,18.0,467.4081466056457
Ashok09,12.9838474,77.6744652,12.9814433,77.6760533,15.0,317.9177348009888
Ashok09,12.9567871,77.6605458,12.9529134,77.6601309,15.0,433.0759353313933
Ashok09,12.9838054,77.6739593,12.9835888,77.6663464,13.0,825.2254019906833
Ashvini Kumar,12.9659396,77.5949764,12.9677684,77.593373,98.0,267.46846793320327
Ashvini Kumar,12.9833936,77.5925651,12.9822391,77.594459,75.0,242.055114539016
Avi1998,12.9444674,77.5945191,12.9380696,77.5984597,385.0,829.7358915540807
Bkumar1893,12.9505433,77.6419506,12.9471782,77.646427,136.0,612.6415692544867
Charles Rose,12.9285532,77.6282626,12.9333424,77.6298772,156.0,560.5462435205735
Chat Roux,12.981187,77.6042415,12.9833049,77.6099837,237.0,665.260878215987
Chetan_Gowda,12.9610523,77.6387513,12.9605668,77.6431885,236.0,483.84540617261297
ChordMemory,12.9717424,77.6809351,12.9694276,77.683007,54.0,341.54778940995715
ChordMemory,12.9825246,77.6020789,12.979355,77.6025536,89.0,356.17688081945795
Deepsy,12.9700017,77.6474062,12.967861,77.653984,7.0,751.4577571691807
DurgeshSinghChouhan,12.9757273,77.6336028,12.9731447,77.6354155,22.0,347.91879329768256
DurgeshSinghChouhan,12.9731447,77.6354155,12.969801,77.6303775,17.0,660.4916043898729
Emcoe,12.9592219,77.6550272,12.9588884,77.6593531,111.0,470.23140112054125
GOwin,12.9748503,77.5956392,12.9764074,77.6011001,6.0,616.5304152414456
Imad,12.9427715,77.5906131,12.9415976,77.5889513,6.0,222.42030104827305
Imad,12.9385991,77.5924953,12.9311884,77.5943006,297.0,846.9395860226402
Imad,12.9368138,77.5899336,12.9403982,77.5899173,197.0,398.5710095423535
Immanuel Raj,12.9737382,77.599068,12.9679085,77.6060351,336.0,995.0573978911234
Jarl Arntzen,12.956648,77.6446181,12.9512798,77.6400198,261.0,777.5650742710194
Maarten Deen,12.9666525,77.6741984,12.9691648,77.6663952,397.0,890.4992297301562
Manoj Bhaskaran,12.9300935,77.6761958,12.9280911,77.6805607,254.0,522.8309540237775
Mohamed Thaiebu,12.9346129,77.6890925,12.9362755,77.6814374,13.0,849.9563677431762
Muralidhar Raju,12.9784093,77.6444935,12.9735772,77.6418494,6.0,608.9174640073634
Muralidhar Raju,12.9735805,77.6419577,12.97392,77.6488394,99.0,746.6315978060475
NaanAvanIllai,12.9444073,77.6076578,12.9527782,77.6053115,7.0,964.9046749062766
NaanAvanIllai,12.9527782,77.6053115,12.9548509,77.6053297,18.0,230.48216290410087
NaanAvanIllai,12.9656622,77.606853,12.9708437,77.6047464,6.0,619.7281270366032
NaanAvanIllai,12.9708437,77.6047464,12.9747214,77.6059745,14.0,451.2484088315811
NaanAvanIllai,12.9732457,77.5952706,12.9758396,77.5985677,10.0,459.15834516334047
NaanAvanIllai,12.9804586,77.6120274,12.9825702,77.6070982,7.0,583.4269711528835
NaanAvanIllai,12.964995,77.5959845,12.9660854,77.5981959,6.0,268.5555834980221
NaanAvanIllai,12.9757683,77.5984496,12.9746415,77.5967427,50.0,223.39683192295703
Nagesh_Blr,12.9281929,77.6077246,12.9252731,77.60875,59.0,343.15948452110376
Nagesh_Blr,12.9463635,77.6829541,12.9453616,77.6803874,89.0,299.63073928129063
Nagesh_Blr,12.9762243,77.6799872,12.9790726,77.6833464,73.0,482.4879762240851
Nagesh_Blr,12.9776137,77.6276231,12.9740039,77.6235909,172.0,593.3014115777405
Nagesh_Blr,12.95947,77.6505957,12.9585291,77.6594676,372.0,967.0607246489143
Nagesh_Blr,12.9548098,77.6779041,12.9542098,77.6838718,286.0,650.121200959146
Nagesh_Blr,12.9544667,77.6798515,12.9570523,77.6743869,178.0,658.2718397954134
Nagesh_Blr,12.9588769,77.6597017,12.9592995,77.6526428,354.0,766.3644816902414
Nagesh_Blr,12.9592995,77.6526428,12.9596106,77.6470086,212.0,611.5162380584485
Nagesh_Blr,12.9656698,77.6186767,12.9701863,77.6167093,132.0,545.5866825934031
Nagesh_Blr,12.9586995,77.6673705,12.9577719,77.6719156,75.0,503.2060520922472
Nagesh_Blr,12.9283711,77.6813432,12.9266229,77.6783686,148.0,376.4501971943984
Nagesh_Blr,12.9735172,77.6126903,12.9728535,77.6091579,147.0,389.8090145308863
Nagesh_Blr,12.9804959,77.6009187,12.9806364,77.602787,97.0,203.0387640383915
Nand Kishore Gupta,12.9557385,77.6200615,12.9495845,77.6185335,309.0,704.0421366125399
Nand Kishore Gupta,12.9440909,77.6194556,12.9428186,77.6222437,142.0,333.62634221885673
Nand Kishore Gupta,12.970826,77.5994757,12.9751155,77.6014152,195.0,521.2172068015233
Naresh08,12.9303508,77.6754843,12.9280814,77.6752311,95.0,253.8333728278333
Naresh08,12.9280531,77.6755021,12.9299623,77.6758831,35.0,216.2716656410579
Naresh08,12.9837181,77.6102359,12.9836792,77.616497,26.0,678.4172486818137
Narsimulu,12.975681,77.6030004,12.9814106,77.606209,120.0,725.7899533715649
Narsimulu,12.9821683,77.6062982,12.9829761,77.6023993,71.0,431.89962599215943
Omofo,12.9767664,77.5994677,12.9806041,77.5972808,64.0,488.10953001901106
Omofo,12.9806686,77.5972405,12.9826028,77.5923256,87.0,574.3342905980511
PR_Mapper,12.9341247,77.6897702,12.92892,77.6831402,239.0,922.6125614987063
PlaneMad,12.9616866,77.6419995,12.9612279,77.6400238,17.0,220.0823317888409
PlaneMad,12.9622219,77.6359702,12.9610888,77.6386911,40.0,320.63404696234824
PlaneMad,12.9599786,77.640753,12.9586589,77.6375328,7.0,378.54943747165487
PlaneMad,12.9605374,77.6358083,12.9563263,77.6363649,7.0,472.1215093017093
PlaneMad,12.9776715,77.6213717,12.9787755,77.6265044,151.0,569.5383687441084
PlaneMad,12.9787755,77.6265044,12.9805821,77.6333537,105.0,768.8553863781922
PlaneMad,12.9664191,77.6351317,12.9626218,77.6343163,83.0,431.38615927000785
PlaneMad,12.9865277,77.6482405,12.9794688,77.6530814,21.0,944.0415382871939
PlaneMad,12.9700342,77.6611991,12.9765247,77.6554055,13.0,956.539563199282
PlaneMad,12.9760145,77.6606497,12.976349,77.6557574,6.0,531.4103795025621
PlaneMad,12.9280319,77.6598755,12.9230878,77.662502,67.0,619.0817942383011
PlaneMad,12.9637172,77.5902491,12.9657314,77.589604,6.0,234.6241724192425
PlaneMad,12.9564468,77.5993518,12.9630993,77.6051238,9.0,968.7119961390968
PlaneMad,12.9589256,77.6174685,12.9570386,77.6167607,6.0,223.4038502006148
PlaneMad,12.9604428,77.6222187,12.9559678,77.6258343,21.0,633.3315110076235
PlaneMad,12.96474,77.619397,12.9631811,77.6268029,45.0,821.0161469733943
PlaneMad,12.9650641,77.6202124,12.9630776,77.6267463,12.0,741.6744740062782
PlaneMad,12.9630776,77.6267463,12.9620948,77.6284951,42.0,218.75499752980275
PlaneMad,12.9726548,77.6448838,12.973349,77.6417683,10.0,346.2983361339457
PlaneMad,12.9625643,77.5949664,12.9624114,77.5918361,8.0,339.6293849959497
PlaneMad,12.9724803,77.6338211,12.9751084,77.6326097,7.0,320.3578551495954
PlaneMad,12.9682537,77.6331873,12.9623301,77.6376196,13.0,815.1841115080465
PlaneMad,12.9536895,77.6385713,12.9505615,77.6449543,13.0,774.2255264809257
PlaneMad,12.9471037,77.6444384,12.9514244,77.6416104,7.0,569.8610330988847
PlaneMad,12.9539324,77.6423461,12.9495154,77.6455108,11.0,599.0311542146025
PlaneMad,12.955005,77.6646091,12.9578346,77.672221,9.0,882.8272086999431
PlaneMad,12.9606278,77.6432563,12.9611085,77.6399898,6.0,357.97772788882236
PlaneMad,12.9611085,77.6399898,12.9605394,77.642496,6.0,278.85226896474023
PlaneMad,12.9784596,77.6297275,12.9780907,77.6327277,27.0,327.6628795761845
PlaneMad,12.968955,77.6366267,12.9621752,77.6373877,46.0,758.3759440326328
PlaneMad,12.9577627,77.6464496,12.9597744,77.6479712,54.0,277.89330479259
PlaneMad,12.9691466,77.6367406,12.9681817,77.6398108,6.0,349.5560207243643
PlaneMad,12.9828984,77.6031793,12.9836103,77.598655,10.0,496.5685318221624
PlaneMad,12.9685565,77.634993,12.9638441,77.6377732,15.0,604.4248345044917
PlaneMad,12.9670801,77.6406187,12.9666286,77.637106,15.0,383.9309107706826
PlaneMad,12.922367,77.6196509,12.9253587,77.6196979,24.0,332.7008581024306
PlaneMad,12.981948,77.6120711,12.9801687,77.6124014,9.0,201.0600359610867
PlaneMad,12.9826361,77.5988184,12.9817647,77.6043501,40.0,607.1565905556241
PlaneMad,12.9747049,77.6191402,12.9726938,77.6193889,8.0,225.24199032237635
PlaneMad,12.9701731,77.5985276,12.9652651,77.5968037,6.0,576.8289184734446
PlaneMad,12.9688473,77.6366336,12.964528,77.6396738,8.0,582.4089172153158
PlaneMad,12.9771312,77.6006398,12.9790573,77.6023487,6.0,283.11965704748343
PlaneMad,12.9616352,77.6344023,12.9601904,77.6389328,8.0,516.5523078786478
PlaneMad,12.9577412,77.6562562,12.9541888,77.6553037,17.0,408.27163261104744
PlaneMad,12.9796682,77.64466,12.9815146,77.6491534,6.0,528.3938687277019
PlaneMad,12.9661002,77.6369192,12.9642148,77.6359682,67.0,233.60488976772245
PlaneMad,12.9736376,77.6687931,12.9715864,77.6635079,306.0,616.4362115789046
PlaneMad,12.980951,77.6512016,12.9800119,77.656346,7.0,567.1105794851658
PlaneMad,12.9620157,77.664934,12.9573377,77.6589078,354.0,834.8681149640762
PlaneMad,12.9592028,77.6563274,12.9563529,77.6544613,64.0,375.91724346312157
PlaneMad,12.9821534,77.6265256,12.9761613,77.6203145,17.0,947.0323995873903
PlaneMad,12.9302645,77.6147875,12.9336835,77.6175319,15.0,482.69453578528095
PlaneMad,12.9317376,77.6170552,12.9263734,77.6222522,344.0,820.3695193145951
PlaneMad,12.96035,77.6752339,12.9549753,77.6808888,8.0,855.9659505651083
PlaneMad,12.9555743,77.602688,12.9553141,77.5998712,6.0,306.60908550985806
PlaneMad,12.9547021,77.6529576,12.9568311,77.6540247,94.0,263.4664343002898
PlaneMad,12.976714,77.6022254,12.9755363,77.6072897,7.0,564.153696243745
PlaneMad,12.9779782,77.6049442,12.9739051,77.6042707,6.0,458.74983623661797
PlaneMad,12.9780374,77.645627,12.9756821,77.6422676,74.0,448.43301669859414
PlaneMad,12.9737198,77.6416198,12.9757769,77.6435288,117.0,308.3977485694156
PlaneMad,12.981155,77.6461024,12.9733795,77.6426992,7.0,939.9498031023332
PlaneMad,12.9701231,77.6277757,12.9704821,77.6298703,114.0,230.45032645651798
PlaneMad,12.9830019,77.6394545,12.9786634,77.6405874,117.0,497.79182785362127
PlaneMad,12.9786634,77.6405874,12.9816132,77.6400865,102.0,332.4628382660407
PlaneMad,12.9819502,77.6391566,12.9792401,77.6406901,83.0,344.1229515724428
PlaneMad,12.9825619,77.639917,12.9811714,77.6379161,63.0,266.28926195585177
PlaneMad,12.9455342,77.5858507,12.9488181,77.5931745,12.0,873.6372318556728
PlaneMad,12.9498455,77.6156693,12.9515828,77.6076643,200.0,888.7230939168275
PlaneMad,12.9547207,77.6502182,12.9548463,77.6521789,81.0,212.92920821814513
PlaneMad,12.9601965,77.6442491,12.9583302,77.6446199,33.0,211.37724411282176
PlaneMad,12.9576706,77.6442574,12.9618015,77.6430473,235.0,477.6857848709963
PlaneMad,12.9810327,77.6348749,12.9783922,77.6360618,123.0,320.5405554666772
PlaneMad,12.9384769,77.628638,12.9314417,77.6332804,7.0,930.0977219986422
PlaneMad,12.9651315,77.6574703,12.9613739,77.6559805,153.0,447.92887756887365
PlaneMad,12.9807578,77.6157479,12.9811804,77.6090233,124.0,730.1463680681212
PlaneMad,12.9661856,77.6589094,12.9651661,77.656482,8.0,286.4220311721702
PlaneMad,12.9708358,77.6554503,12.9666135,77.659409,97.0,635.9519094141355
PlaneMad,12.9468543,77.6605812,12.9445781,77.6642191,15.0,468.48829498405075
PlaneMad,12.9443813,77.6901765,12.942173,77.6905115,8.0,248.22093999623215
PlaneMad,12.9623787,77.6434939,12.9603377,77.6451558,113.0,289.7187406687237
PlaneMad,12.9832765,77.6073441,12.9809879,77.6042281,105.0,422.7914950102578
PlaneMad,12.9844735,77.6121868,12.9829335,77.6134783,7.0,221.14587620898348
PlaneMad,12.9726937,77.6072933,12.9756214,77.6061031,50.0,350.1598719221131
PlaneMad,12.9685619,77.6145767,12.972511,77.6193071,7.0,674.9521706448946
PlaneMad,12.9563669,77.6746059,12.9622259,77.670376,265.0,796.578815068762
PlaneMad,12.9764398,77.5896308,12.9722897,77.5937541,66.0,642.3173059607906
PlaneMad,12.9586983,77.6615338,12.9540802,77.6616908,93.0,513.7910460108005
PlaneMad,12.9567527,77.6620931,12.9544888,77.6547347,103.0,836.1806605923684
PlaneMad,12.9801231,77.6453865,12.9783928,77.6410306,145.0,509.68869788558504
PlaneMad,12.9545955,77.6541148,12.958754,77.6466131,173.0,935.2249752729384
PlaneMad,12.9747565,77.6703378,12.9680226,77.6680124,8.0,790.0353917403921
PlaneMad,12.9699664,77.6396969,12.96838,77.6371424,28.0,328.2316095454041
PlaneMad,12.9725357,77.6390508,12.9712107,77.6373626,27.0,234.88299712054604
PlaneMad,12.9722325,77.6388521,12.9705802,77.6374468,6.0,238.6280633440782
PlaneMad,12.9726105,77.6410373,12.9683965,77.6374812,10.0,606.665666822133
PlaneMad,12.9590278,77.6531616,12.9540755,77.651792,137.0,570.3202938095537
PlaneMad,12.9695741,77.6459441,12.9744534,77.6388972,14.0,936.70824948554
PlaneMad,12.9740733,77.637928,12.9775048,77.6408395,221.0,495.0939646086286
PlaneMad,12.9775884,77.645819,12.9772928,77.6405397,6.0,572.9813024145421
PlaneMad,12.9816749,77.6476375,12.9801936,77.6462445,7.0,223.41020173284733
PlaneMad,12.9780837,77.6342003,12.9765798,77.6357667,9.0,238.26842678809692
PlaneMad,12.9778854,77.6356673,12.9761711,77.635038,6.0,202.45029198344432
PlaneMad,12.9770035,77.6351391,12.9813186,77.6359391,100.0,487.5844163243956
PlaneMad,12.9469049,77.6234347,12.9412753,77.6259268,6.0,681.7558273108908
PlaneMad,12.9533067,77.6442324,12.9472084,77.6496243,228.0,895.1138680453709
PlaneMad,12.9488177,77.6861236,12.9451041,77.6804651,7.0,739.276341723555
PlaneMad,12.9275757,77.599462,12.9189437,77.5968765,467.0,999.9007219973963
PlaneMad,12.94739,77.6728561,12.9481186,77.6796811,370.0,744.0340756752901
PlaneMad,12.9492034,77.6887411,12.9470246,77.6810874,316.0,864.0727778340255
PlaneMad,12.9246883,77.6316508,12.9296347,77.6333065,261.0,578.5451740518237
PlaneMad,12.970212,77.5915356,12.968009,77.5905991,46.0,265.1496093552535
PlaneMad,12.9530158,77.6020843,12.955306,77.6030641,71.0,275.9064313140166
Pooja Koul,12.9612964,77.6502942,12.9613968,77.6527698,67.0,268.4928158380928
Pooja Koul,12.9645621,77.6561168,12.9711748,77.6561655,62.0,735.3176274407804
Pooja Koul,12.9618282,77.6474007,12.962574,77.6392983,71.0,881.8958893896182
Prasanth Rajan,12.9385156,77.6020094,12.9359983,77.6013371,27.0,289.23788620580154
Prasanth Rajan,12.9373618,77.6020209,12.9315066,77.6012388,130.0,656.5625013752546
Prasanth Rajan,12.9251183,77.6487443,12.9249285,77.6531611,219.0,479.14741546167136
Prasanth Rajan,12.9310518,77.6865425,12.928883,77.6870083,48.0,246.38647359988772
Prasanth Rajan,12.9357393,77.6911987,12.9374119,77.6863153,141.0,560.9557911593412
Prasanth Rajan,12.9360611,77.6864118,12.9302866,77.6850508,106.0,658.8182868108476
Prasanth Rajan,12.9372042,77.6275714,12.938785,77.6300973,152.0,325.314319700559
Prashere,12.9263385,77.6033847,12.9275876,77.5947124,17.0,950.0834910469954
Praveen,12.9314894,77.5894417,12.9299834,77.591815,48.0,306.9169815543042
Praveen,12.9318205,77.5888803,12.9295558,77.591056,58.0,344.9821985884997
Praveen,12.9300123,77.5894475,12.9296404,77.5974884,156.0,872.4177024190695
Praveen,12.9398248,77.6248832,12.9382838,77.6195769,152.0,600.0383894505193
Praveen,12.9395721,77.6203237,12.9372136,77.6129744,176.0,838.522976737033
Praveen,12.9367347,77.6128668,12.934645,77.6181092,184.0,613.815997023988
Praveen,12.9352055,77.6180491,12.9320762,77.6233639,192.0,672.9317941711128
Praveen,12.936295,77.6144271,12.9370709,77.6114917,130.0,329.60874366862083
Praveen,12.9370709,77.6114917,12.933985,77.6166179,216.0,652.969863850007
Praveen,12.9358253,77.6167295,12.9344019,77.6199383,50.0,382.07289364394774
Praveen,12.9341019,77.6229504,12.9356429,77.6212025,8.0,255.42794513349764
Praveen,12.9344668,77.6231189,12.9350544,77.6202902,122.0,313.4415196430055
Praveen,12.9365196,77.6198948,12.9343614,77.6205919,112.0,251.59126111057074
Praveen,12.9344534,77.6222742,12.9369318,77.6229311,97.0,284.63207916882595
Praveen,12.9379988,77.6253307,12.9388276,77.621448,97.0,430.7493769610404
Praveen,12.9409227,77.623776,12.9391204,77.6201177,13.0,444.2281824398865
Praveen,12.9384889,77.6197579,12.9382178,77.6249177,62.0,559.9890725693297
Praveen,12.9385771,77.625346,12.9407859,77.6206691,155.0,563.2152553523229
Praveen,12.9313022,77.6230678,12.929079,77.6215176,18.0,298.8934020247255
Praveen,12.9301449,77.6166993,12.9335621,77.6221964,262.0,706.6081509626201
Praveen,12.934614,77.6189138,12.9369961,77.6154891,122.0,455.9699417522293
Praveen,12.9372131,77.6148477,12.9370463,77.617489,79.0,286.8442545074749
Praveen,12.9401635,77.6158937,12.9412038,77.6189309,154.0,348.8791819691045
Praveen,12.9413792,77.6173382,12.944394,77.6180241,14.0,343.3723171106435
Praveen,12.944394,77.6180241,12.941311,77.6187042,110.0,350.64718712595
Praveen,12.9435292,77.6177722,12.9421992,77.6196605,36.0,252.48101733160195
Praveen,12.9421992,77.6196605,12.9440139,77.6208987,115.0,242.3273953849754
Praveen,12.942584,77.6153689,12.9392369,77.6187294,59.0,520.7161886504502
Praveen,12.9409076,77.6194783,12.9407688,77.6164676,34.0,326.63673681749196
Praveen,12.9302381,77.6326047,12.931773,77.6315327,33.0,206.46221149462963
Praveen,12.932741,77.6306092,12.9354211,77.625671,288.0,612.5521525645045
Purist33,12.9592797,77.6580632,12.9658181,77.6576619,120.0,728.336218005784
R Babu,12.9402168,77.6201873,12.9377909,77.6215174,121.0,305.845796356466
R Jolly,12.9659996,77.6810312,12.9681707,77.6742237,202.0,776.1560573324455
RSakthivel,12.9442164,77.5928764,12.9412931,77.5931754,7.0,326.6671339568098
RSakthivel,12.9488181,77.617379,12.9434733,77.6181666,6.0,600.412100567816
Raghuram Narayanan,12.9496446,77.59706,12.9523527,77.5940265,187.0,445.8031486279883
Raghuram Narayanan,12.9523527,77.5940265,12.9489946,77.5977791,117.0,552.0865175588757
RichRico,12.9468979,77.5921605,12.9408592,77.5900604,190.0,708.9932510057477
Saikat,12.9596191,77.6026157,12.958286,77.605196,51.0,316.4717710448232
Samikshya_Ghimire,12.9723056,77.6093834,12.9780883,77.6119187,242.0,699.2323982890773
Sandeep Nayak,12.9801353,77.6068971,12.9830825,77.6144519,282.0,881.747384248306
SarangK,12.9336933,77.622146,12.9315119,77.616649,99.0,643.2219331893492
Srikanth07,12.9524928,77.6504663,12.9565883,77.6498596,7.0,460.1200753925268
Srikanth07,12.9569232,77.6352908,12.9548664,77.6398688,17.0,546.271940756454
Srikanth07,12.9614802,77.613432,12.9585221,77.6176302,244.0,561.3830167249074
Srikanth07,12.9483177,77.6814605,12.9469981,77.6897714,167.0,912.5087581303148
Srikanth07,12.9687983,77.6284878,12.972938,77.6209658,208.0,936.0675105478247
Srikanth07,12.9640445,77.6479541,12.9665683,77.6407005,21.0,834.5974985156711
SrikanthLogic,12.9557497,77.6125216,12.9589487,77.6203902,303.0,923.8924339162277
SrikanthLogic,12.9601889,77.6460098,12.9557249,77.6533303,47.0,935.7727242060198
SrikanthLogic,12.9533348,77.5927203,12.9572348,77.5927415,57.0,433.6662989494598
SrikanthLogic,12.9587673,77.5881952,12.9538826,77.5913472,58.0,641.6242780546986
SrikanthLogic,12.9538826,77.5913472,12.9511843,77.5919036,64.0,306.0356370569375
Sushma09,12.9578867,77.6249248,12.9624454,77.6227826,116.0,557.5285791599622
Sushma09,12.9650223,77.6229401,12.9606008,77.6309507,270.0,997.601506640939
Suvajit,12.9765208,77.6717642,12.9784396,77.6755006,87.0,457.6374375196844
Suvajit,12.9738669,77.6663752,12.9787883,77.667751,132.0,567.1765733411029
Suvajit,12.9783178,77.6750174,12.9807631,77.6798496,201.0,589.9801407911712
Suvajit,12.9733808,77.678154,12.974343,77.6750273,114.0,355.29045501103474
ThejeshGN,12.9253133,77.6192763,12.9322489,77.6179446,134.0,784.5918715429642
ThejeshGN,12.9320659,77.6182289,12.9288661,77.6181431,61.0,355.92301141091025
ThejeshGN,12.9715104,77.5983259,12.9735064,77.6012222,163.0,384.38473994334953
ThejeshGN,12.9788111,77.5943325,12.975522,77.5940226,41.0,367.2695167435012
ThejeshGN,12.975522,77.5940226,12.9768283,77.5984799,152.0,504.3423071115723
ThejeshGN,12.9768254,77.5984517,12.9768543,77.5964902,77.0,212.56284075795605
ThejeshGN,12.973016,77.599764,12.9750379,77.5928187,79.0,785.4322178944789
ThejeshGN,12.9744932,77.6111814,12.9743184,77.6077027,74.0,377.43941016638126
ThejeshGN,12.9753524,77.6039515,12.9758515,77.6015956,77.0,261.23805946496753
ThejeshGN,12.9758515,77.6015956,12.9751307,77.6047706,65.0,353.2422649815455
ThejeshGN,12.9836645,77.611034,12.9792856,77.6070522,259.0,650.5563266321677
ThejeshGN,12.9792856,77.6070522,12.9735296,77.6048876,240.0,681.660038281725
ThejeshGN,12.9735296,77.6048876,12.9756837,77.6025571,75.0,348.0524633190775
ThejeshGN,12.9644652,77.6066765,12.9581091,77.6059407,32.0,711.2493104471527
ThejeshGN,12.9748367,77.5928518,12.972893,77.5929243,55.0,216.2723031211447
ThejeshGN,12.9775968,77.5941589,12.9807772,77.5974151,16.0,499.54788967841165
ThejeshGN,12.9807772,77.5974151,12.9820925,77.593935,14.0,404.4496191714909
ThejeshGN,12.9818757,77.5948141,12.9787655,77.5976295,55.0,461.1562150370035
ThejeshGN,12.9775496,77.5989907,12.9746925,77.5910366,57.0,918.5585471599015
ThejeshGN,12.9750252,77.5928133,12.9758374,77.5949416,39.0,247.66697704787182
ThejeshGN,12.9396233,77.6254049,12.9371736,77.6195384,198.0,691.6601005860813
ThejeshGN,12.9344497,77.6124996,12.9316654,77.6139919,26.0,349.29604230329704
ThejeshGN,12.9316654,77.6139919,12.9274215,77.6210656,31.0,900.2174745649985
TilokChetri,12.9782131,77.6306819,12.9781648,77.6282801,71.0,260.3013029756499
Vonter,12.9702412,77.639087,12.9683974,77.6407738,131.0,274.66676305179817
Vonter,12.9700452,77.6407993,12.9714784,77.643853,132.0,367.26916355543216
Vonter,12.9627212,77.6148514,12.9589015,77.6173982,142.0,506.5172389136925
Vonter,12.9747401,77.6052003,12.9763841,77.6021046,81.0,382.01467022669897
Vonter,12.9371154,77.6269289,12.9412109,77.6238987,228.0,561.4502032776994
Vonter,12.9421673,77.6228032,12.9447935,77.6199116,166.0,428.3354456978772
Vonter,12.9477206,77.6192277,12.9552768,77.6207566,218.0,856.3906193619437
Vonter,12.9734537,77.6144949,12.9751478,77.6067188,288.0,863.389313016051
Vonter,12.9823336,77.5924578,12.9789136,77.5875655,287.0,652.396688540976
Vonter,12.9533504,77.6439348,12.9549128,77.6406555,25.0,395.555462743792
Vonter,12.9324435,77.6173817,12.9255663,77.6200295,408.0,816.7776659655859
Vonter,12.9704621,77.6427962,12.9618277,77.6410844,394.0,977.8555492861386
Vonter,12.9621214,77.6400577,12.9690732,77.6357399,159.0,903.5736265952211
Vonter,12.9813267,77.6229232,12.9790575,77.6290898,309.0,714.2290508302585
Vonter,12.9376374,77.6230068,12.930578,77.6248375,382.0,809.6539488833366
Vonter,12.9496033,77.633163,12.9513402,77.6242181,339.0,988.3816534482144
Walter Schl√∂gl,12.9350081,77.6196447,12.9344376,77.617397,28.0,251.71566622059555
_Ganesh_,12.9411724,77.6172571,12.9378285,77.6177291,111.0,375.32662103546375
_Ganesh_,12.9376704,77.626955,12.9361263,77.6216574,145.0,599.2383087551989
aarthy,12.9479545,77.6771596,12.9434431,77.6814233,288.0,682.0110452311152
aaru_swartz,12.9564527,77.6278217,12.9548225,77.6268237,71.0,211.0798621204419
addyx,12.9356801,77.6117395,12.9333844,77.6132413,102.0,302.74110275785415
adivik2000,12.9840554,77.6604755,12.9828471,77.6658539,219.0,598.0492178412478
adivik2000,12.9828471,77.6658539,12.9813086,77.6686142,118.0,344.5558385071863
adivik2000,12.9837067,77.6596612,12.9831657,77.663942,135.0,467.7189397064217
akhilsai,12.9838929,77.6532808,12.9840866,77.6554436,83.0,235.33140587187694
akhilsai,12.9842543,77.6419704,12.9836071,77.6502513,422.0,900.1336473827602
akhilsai,12.9836026,77.641601,12.9826807,77.6438936,23.0,268.72898959573405
akhilsai,12.9833981,77.6437362,12.9835988,77.6415143,10.0,241.7799187713843
akshayn,12.9790193,77.6778073,12.9764644,77.6740512,173.0,496.33659517004423
akshayn,12.9721561,77.6485449,12.9742184,77.6424536,230.0,698.7347253761988
akshayn,12.9428607,77.6154498,12.9437634,77.6081827,221.0,793.9044251601184
albertkun,12.9462393,77.6161323,12.9488713,77.6168774,147.0,303.59935297121325
albertkun,12.949771,77.6239175,12.9482125,77.6229172,80.0,204.40757381772167
alivapanda,12.9727956,77.6343308,12.9798635,77.6373499,313.0,851.2810835617796
alivapanda,12.9693086,77.6125582,12.9696055,77.6159956,146.0,373.9311289593042
ana_t7,12.9252305,77.6654023,12.9273385,77.6608307,73.0,548.1060462042127
ana_t7,12.982709,77.6681968,12.9815008,77.6662486,41.0,250.21791541453237
anthony1,12.9695395,77.6728647,12.967565,77.6727626,25.0,219.83295095597475
anthony1,12.9676095,77.6701872,12.9654011,77.6733853,23.0,424.7287094084577
anthony1,12.9668439,77.6741623,12.9646968,77.6741032,27.0,238.83250206194313
anthony1,12.9663189,77.6745052,12.9632437,77.6694917,8.0,641.9221247907611
anthony1,12.9615781,77.6557507,12.9626344,77.6575759,41.0,230.02875914204358
anthony1,12.9632618,77.6540058,12.963113,77.6488665,25.0,557.1457167626075
anthony1,12.9565511,77.656795,12.9529655,77.6587908,7.0,453.58206818208674
anthony1,12.9634929,77.6563109,12.9567287,77.6584216,39.0,786.1518652495271
anthony1,12.9556375,77.6488606,12.9539704,77.6538086,43.0,567.3282521752142
anthony1,12.9585524,77.6457161,12.962187,77.6527362,6.0,861.4072014662181
anthony1,12.9351086,77.6199491,12.9401987,77.6211882,54.0,581.7048988840903
anthony1,12.9403611,77.6211556,12.936308,77.6192686,116.0,494.90961146906744
anthony1,12.9634885,77.6567046,12.9610289,77.658871,9.0,360.42905623574103
anushap,12.9831996,77.5997179,12.9806384,77.6055836,9.0,696.4555597396684
anushapyata,12.9484556,77.6830095,12.9467547,77.6798952,24.0,386.8722967209322
anushapyata,12.9481581,77.6788657,12.9468623,77.6812402,24.0,294.91392788559915
arkarjun,12.9727193,77.6171973,12.9734218,77.6200251,24.0,316.2114855210131
arkarjun,12.9734629,77.6473496,12.9666627,77.6471085,273.0,756.5989210414191
arshadnawaz,12.9425731,77.608728,12.9440114,77.6099243,96.0,205.87705755815702
b-jazz-bot,12.9661055,77.6039377,12.9706238,77.5990824,18.0,727.4711776602622
b-jazz-bot,12.9257442,77.6804678,12.9296474,77.6853394,35.0,683.4610179335276
b-jazz-bot,12.9296474,77.6853394,12.9323774,77.6835493,10.0,360.2593806552141
b-jazz-bot,12.9467841,77.6878187,12.9483819,77.6892497,9.0,235.82561095872626
b-jazz-bot,12.9818448,77.6062936,12.975421,77.6045772,7.0,738.1085293367163
b-jazz-bot,12.9771467,77.6172628,12.973545,77.6204172,147.0,526.5152665243264
b-jazz-bot,12.9668354,77.6369007,12.9615276,77.6364413,8.0,592.2961122518552
chandusekharreddy,12.9489185,77.5934423,12.9561065,77.5922766,70.0,809.1899459656539
chehrlic,12.9488896,77.6002469,12.946165,77.6002911,17.0,302.999558892137
chehrlic,12.9428817,77.5985928,12.9424727,77.6011464,28.0,280.4456946227575
contrapunctus,12.9363445,77.5927599,12.9429476,77.595803,181.0,804.893426077542
docaneesh,12.9771288,77.6738768,12.9751419,77.678798,13.0,577.1957783114135
docaneesh,12.9799772,77.600073,12.9722487,77.6041347,176.0,965.5108286569701
dockers,12.9593839,77.6523817,12.9543986,77.6481759,83.0,717.6397837831496
hareesh11,12.9476844,77.6832363,12.9452031,77.6902518,23.0,808.7753618181113
hareesh11,12.9469799,77.6851066,12.944847,77.6801394,6.0,588.2200850810981
iambibhas,12.9690389,77.6481056,12.9709611,77.6504452,57.0,331.59306124318107
iambibhas,12.9709611,77.6504452,12.9705618,77.6470848,45.0,366.82241881390286
iamsaurabhc,12.968005,77.6478008,12.9643755,77.6466166,205.0,423.4906648604634
iamsaurabhc,12.9824016,77.6333423,12.9833052,77.6389771,114.0,618.7568874785873
iamsaurabhc,12.98284,77.6390723,12.9805772,77.6302318,254.0,990.3891055355896
iamsaurabhc,12.9790872,77.6409717,12.9757586,77.6446222,94.0,541.710886351256
iamsaurabhc,12.9757779,77.6446065,12.974462,77.6512106,212.0,730.3993405998958
iamsaurabhc,12.9743615,77.6502723,12.9778445,77.6457576,203.0,623.9423935111643
iamsaurabhc,12.981402,77.6579987,12.9832237,77.6556293,154.0,327.02120777914655
jace,12.9619323,77.5988018,12.9684218,77.6028185,30.0,842.703206752446
jace,12.96227,77.5990581,12.9633319,77.6048849,10.0,642.3451718707023
jasvinderkaur,12.9361698,77.5914006,12.9418804,77.5895762,14.0,665.0582261869214
jasvinderkaur,12.9369589,77.5982094,12.9330952,77.5908327,154.0,907.5663677612216
jasvinderkaur,12.9334989,77.5910139,12.9272502,77.5908015,286.0,695.2049321484167
kotakondahemanth,12.9508867,77.6009197,12.9518034,77.6059087,193.0,550.1643057860741
kotakondahemanth,12.9503411,77.6042024,12.9487332,77.6051634,99.0,206.90882381777865
kotakondahemanth,12.9487423,77.6050119,12.9528178,77.6027149,136.0,517.0372877353121
kotakondahemanth,12.9698606,77.6347792,12.9739988,77.6396184,210.0,697.6324585723852
kotakondahemanth,12.9634456,77.6643147,12.9633775,77.672149,423.0,848.9660333253772
kotakondahemanth,12.9828395,77.6457366,12.9839403,77.6501164,149.0,490.09277064316086
kotakondahemanth,12.9430286,77.6214081,12.944688,77.6267203,99.0,604.5281220281308
kotakondahemanth,12.9549232,77.6574539,12.9564736,77.659652,96.0,294.0369670330147
kotakondahemanth,12.9574535,77.6598541,12.9565641,77.6538185,140.0,661.4750079845884
kotakondahemanth,12.9564747,77.653842,12.9568593,77.6515295,87.0,254.21447030593603
kotakondahemanth,12.9563892,77.6521347,12.9543406,77.6557131,202.0,449.72961022809983
kumi_da,12.963329,77.5892199,12.9555334,77.5857316,65.0,945.6645651785517
kumi_da,12.9555334,77.5857316,12.9517139,77.590239,111.0,647.2686069770501
kumi_da,12.9429284,77.5973189,12.9396636,77.5978852,28.0,368.17999158952273
kunalchhapre,12.9258479,77.6167643,12.9257223,77.608099,251.0,939.2258045376534
kunalchhapre,12.9328713,77.6124698,12.9241553,77.6140422,330.0,984.0426443760484
kunalchhapre,12.9778095,77.6807272,12.9757387,77.6820172,125.0,269.3672642727151
lowtech,12.9480495,77.6776903,12.9465228,77.6804101,89.0,340.1324803145195
lxbarth,12.9363312,77.6065772,12.9353977,77.6090855,134.0,290.97609475537416
lxbarth,12.9812446,77.6368061,12.9795396,77.6338651,125.0,370.7998730864702
lxbarth,12.9807831,77.6334652,12.9784823,77.6346386,44.0,285.6885053408424
lxbarth,12.9784373,77.6347723,12.980451,77.6362743,69.0,276.81028877273786
lxbarth,12.9806703,77.6357969,12.9782423,77.6348181,98.0,290.0654258600651
maheshrkm,12.9731771,77.5977178,12.9710708,77.5964219,11.0,273.07884480063797
maheshrkm,12.9827261,77.6794361,12.978053,77.6821232,6.0,595.6361884885587
maheshrkm,12.9588112,77.6195665,12.9559146,77.6198124,18.0,323.18759548363977
maheshrkm,12.931704,77.6298775,12.928111,77.6348361,41.0,669.6326530364795
maheshrkm,12.9410698,77.6877412,12.9432832,77.6824191,239.0,627.0750767811543
maheshrkm,12.9612188,77.5934893,12.9576853,77.5912407,8.0,462.32935251537936
manojnobi,12.9414797,77.6217625,12.9376889,77.621674,129.0,421.62682503625655
manojnobi,12.9771837,77.665404,12.9764245,77.6676663,96.0,259.26087052749625
manojnobi,12.9833913,77.6414471,12.9808104,77.6459203,258.0,563.2740359779602
manojnobi,12.9747817,77.6296889,12.9730226,77.6328562,78.0,395.0251207290683
manojnobi,12.9496849,77.6055255,12.9475611,77.5965897,384.0,996.7296688385194
manojnobi,12.9647283,77.6342863,12.9677248,77.639872,170.0,690.9160452154166
masthanvali,12.9629008,77.5894664,12.9653906,77.5896569,6.0,277.62164148451933
masthanvali,12.9615497,77.5895549,12.9590374,77.5893774,19.0,280.0163971794287
masthanvali,12.9616678,77.5910768,12.9593992,77.5898304,28.0,286.13881397838765
masthanvali,12.9371913,77.6194184,12.9316307,77.620941,40.0,639.9500397593218
masthanvali,12.9435761,77.6274683,12.9407736,77.6305154,6.0,454.0387803083617
masthanvali,12.9350755,77.6338987,12.9319448,77.6332182,121.0,355.8439972285287
masthanvali,12.9408712,77.6233321,12.9370135,77.6224178,105.0,440.2516250816089
masthanvali,12.9358974,77.6204811,12.9386169,77.6271023,126.0,778.6703605783139
masthanvali,12.9295859,77.6350508,12.9335987,77.6361621,134.0,462.17114570385723
masthanvali,12.9337724,77.636063,12.9382221,77.6303713,165.0,790.7499604235181
masthanvali,12.9354277,77.629087,12.9341827,77.6249974,88.0,464.3217088682586
masthanvali,12.937947,77.6316049,12.9368286,77.6226632,444.0,976.979678240712
masthanvali,12.9373973,77.6229464,12.9328612,77.6204595,228.0,571.8811886968548
masthanvali,12.9334259,77.6224141,12.9404282,77.6252952,56.0,838.8910882021783
mdtauhid,12.9391648,77.6096203,12.9367934,77.6160196,254.0,741.9437044831346
mdtauhid,12.930953,77.6759604,12.925794,77.6778219,178.0,608.0950413818144
mdtauhid,12.9266874,77.6841233,12.9274132,77.6755147,381.0,936.4563752786999
mdtauhid,12.9730728,77.6666469,12.9786045,77.6626327,203.0,753.3493322305782
mdtauhid,12.9681569,77.6826882,12.9720474,77.6830895,169.0,434.78381644746065
mdtauhid,12.9496005,77.6004224,12.9456995,77.592435,303.0,968.1845650924259
mdtauhid,12.9650247,77.599197,12.9733795,77.5960204,385.0,990.7288366756442
mdtauhid,12.9733795,77.5960204,12.9666608,77.6001762,307.0,872.3071058447298
mdtauhid,12.9565244,77.6407442,12.9634574,77.6372626,325.0,858.2804037071668
mdtauhid,12.9732846,77.6347519,12.9716242,77.6388989,148.0,485.8074124727511
mdtauhid,12.9604917,77.6135084,12.9618189,77.617868,219.0,494.92919230393187
mdtauhid,12.9614738,77.6183095,12.9640128,77.6138958,124.0,555.3853266927782
mdtauhid,12.9328242,77.6300271,12.9327027,77.6345638,194.0,491.8472111112553
mdtauhid,12.9290985,77.6203749,12.9337417,77.6247172,252.0,698.5891237590776
mdtauhid,12.9343418,77.6366935,12.9307157,77.6385483,172.0,450.53252488236024
neharikas,12.9632413,77.6221804,12.9633008,77.62526,92.0,333.77417679306603
neharikas,12.9448049,77.5936759,12.9418652,77.5907478,184.0,455.566265903623
neharikas,12.9445847,77.5919449,12.9382701,77.5934261,66.0,720.2658317997038
neharikas,12.9309038,77.5982743,12.9310135,77.6022395,174.0,429.9019186593328
neharikas,12.9741152,77.5896844,12.9763404,77.5883628,134.0,285.88316942843966
neharikas,12.9367965,77.6108414,12.9399303,77.6093298,150.0,385.0474589930417
neharikas,12.9707284,77.628118,12.9729084,77.6287845,84.0,252.93458336608566
neharikas,12.9579411,77.6648228,12.9582147,77.6686823,114.0,419.3331409599399
neharikas,12.9669452,77.5965326,12.966661,77.5985435,65.0,220.17971568226005
neharikas,12.966661,77.5985435,12.9692913,77.6003857,107.0,354.10439678011613
neharikas,12.9694059,77.6053781,12.9662781,77.6074019,83.0,411.160406928016
neharikas,12.9663107,77.6074026,12.9660657,77.59821,168.0,996.4803030388564
neharikas,12.9635954,77.5960006,12.9627217,77.5922143,161.0,421.63273632500284
neharikas,12.9317508,77.6224738,12.9280442,77.6193601,146.0,532.675880040711
neharikas,12.9691849,77.6301158,12.965463,77.6342446,141.0,609.4573285077693
neharikas,12.9669037,77.6354079,12.9640351,77.6406376,290.0,650.2941832342618
neharikas,12.9744418,77.6069312,12.9755827,77.6016861,187.0,582.3243326468136
neharikas,12.9728078,77.6032363,12.9711982,77.5968353,155.0,716.3148802923574
neharikas,12.9735406,77.5976757,12.9715846,77.6009242,111.0,413.77215487807314
neharikas,12.9440791,77.6527061,12.9457047,77.6551545,149.0,321.05140603782326
neharikas,12.9759112,77.6183878,12.9749379,77.6202214,93.0,226.24552078006477
neharikas,12.9750671,77.6217892,12.9759763,77.6276465,241.0,642.6734182222561
neharikas,12.9759763,77.6276465,12.9777911,77.628173,86.0,209.70558422951237
neharikas,12.9262588,77.6287525,12.9261131,77.6329438,224.0,454.52994303634415
neharikas,12.928422,77.6310832,12.9278104,77.6289734,113.0,238.55149145826402
neharikas,12.9278104,77.6289734,12.9288806,77.6330707,86.0,459.71887071549276
neharikas,12.9326689,77.6371754,12.9345309,77.6354081,88.0,282.0479752952046
neharikas,12.9436467,77.6238061,12.9491055,77.6261808,283.0,659.2897741637654
neharikas,12.9497246,77.6263257,12.9490742,77.6212966,251.0,549.7664084839404
neharikas,12.9253921,77.5910171,12.9249329,77.5934444,132.0,267.97452610572526
neharikas,12.9697345,77.6848778,12.9701152,77.6891414,110.0,463.93104020262814
neharikas,12.9734733,77.5974138,12.9709986,77.5974642,87.0,275.2282720366477
neharikas,12.9384502,77.5983724,12.9375618,77.6061409,328.0,847.6637967405843
neharikas,12.9731717,77.6168206,12.9696933,77.6131277,230.0,556.5265094189564
nileshbarawkar,12.9851927,77.6224127,12.9899618,77.6268608,350.0,716.5870598275146
nileshbarawkar,12.9872249,77.6368022,12.9838922,77.6306399,273.0,763.6382302091885
nileshbarawkar,12.9509192,77.6222292,12.9561119,77.6202534,80.0,615.8207727080428
nileshbarawkar,12.9381882,77.6321819,12.9437239,77.628703,188.0,721.8233079156341
nileshbarawkar,12.9436279,77.6299711,12.9470157,77.6282819,88.0,418.8284479467086
nileshbarawkar,12.9462017,77.6222854,12.9381968,77.6229195,134.0,892.7528818735246
nileshbarawkar,12.9378817,77.6226903,12.9421184,77.6240014,131.0,492.06000064191136
nileshbarawkar,12.9617643,77.6175782,12.9571739,77.6175092,96.0,510.48395194788867
nileshbarawkar,12.9432136,77.6296838,12.9447858,77.6267862,145.0,359.39572718722434
nileshbarawkar,12.9666873,77.6348162,12.9586786,77.6365295,84.0,909.6735214597403
nileshbarawkar,12.962939,77.6121092,12.9673016,77.6104654,51.0,516.7675104443167
nileshbarawkar,12.9611253,77.613115,12.9698177,77.6129482,96.0,966.719761393681
nileshbarawkar,12.9725975,77.6337228,12.9657146,77.6344832,195.0,769.7660871015661
nileshbarawkar,12.9663456,77.6349646,12.9622513,77.636303,59.0,477.8077164238706
nileshbarawkar,12.9609899,77.6176755,12.9553197,77.6188111,50.0,642.3940873546006
nileshbarawkar,12.9828541,77.6225574,12.9768551,77.6244969,207.0,699.3788701586608
nileshbarawkar,12.9473248,77.6297286,12.948558,77.6323596,110.0,316.3766946578233
nileshbarawkar,12.9488288,77.6321988,12.9473081,77.625346,286.0,761.629736180548
nileshbarawkar,12.9652474,77.6008139,12.9638237,77.597727,156.0,370.0680469883304
nileshbarawkar,12.9268698,77.6138148,12.9296775,77.6073973,251.0,762.3625059021434
nileshdhandak,12.9319632,77.5908506,12.9318799,77.5929614,55.0,228.9446622406534
nileshdhandak,12.9319481,77.5929748,12.93772,77.5951875,263.0,685.1408027924944
nileshdhandak,12.9292526,77.5986414,12.930461,77.6018316,50.0,370.9321627005048
nileshdhandak,12.9826499,77.675492,12.9825855,77.6799266,165.0,480.55375920850446
nileshdhandak,12.9736002,77.6760853,12.9818228,77.678575,71.0,953.2793988043967
nileshdhandak,12.9521803,77.6132351,12.9446879,77.6101482,295.0,897.7678169898459
nileshdhandak,12.9778486,77.6745249,12.9768789,77.6671623,333.0,805.0274437299192
nileshdhandak,12.9774395,77.6670603,12.9765057,77.674821,364.0,847.2973867764867
nileshdhandak,12.9823564,77.6677971,12.9764816,77.6713283,79.0,757.0539247722863
nileshdhandak,12.9765724,77.671369,12.9787487,77.6701887,47.0,273.70970067118924
nileshdhandak,12.9543139,77.6145664,12.9550825,77.6185386,136.0,438.84886506212086
nileshdhandak,12.9512438,77.6086239,12.9512035,77.6036553,236.0,538.4472602464072
nileshdhandak,12.9511939,77.6036572,12.9495356,77.6096782,63.0,678.030714203128
nileshdhandak,12.9500784,77.6095541,12.9492689,77.6050595,119.0,495.31357224979763
nileshdhandak,12.9496614,77.6049217,12.9536176,77.6130891,143.0,988.3661414113934
nileshdhandak,12.974651,77.6770783,12.9759839,77.681736,240.0,526.0013144294369
nileshdhandak,12.9786632,77.6703943,12.9850888,77.6718391,266.0,731.4432417586474
nileshdhandak,12.9510362,77.6082975,12.9506296,77.6051621,111.0,342.7669774652905
nileshdhandak,12.9753077,77.6752804,12.9742155,77.6802011,86.0,546.8438994549484
nileshdhandak,12.9742155,77.6802011,12.9828832,77.6788817,209.0,974.3495317980835
nileshdhandak,12.9341285,77.5902448,12.9297094,77.5982313,130.0,995.2915026247356
nileshdhandak,12.9269904,77.6019421,12.9289383,77.5968867,118.0,589.1460342889529
nileshdhandak,12.9504282,77.612973,12.9498201,77.6079406,60.0,549.520774319798
nileshdhandak,12.9815094,77.6645001,12.9763754,77.6648269,136.0,571.9719073669355
nileshdhandak,12.9253017,77.5958034,12.925345,77.6003051,212.0,487.90682590130876
nileshdhandak,12.978026,77.6796731,12.9743619,77.6841429,125.0,632.9069704893365
nileshdhandak,12.9549407,77.6177807,12.9524932,77.6185085,129.0,283.3471100886526
nileshdhandak,12.9527273,77.6186,12.9515989,77.6112206,212.0,809.4587027679423
nileshdhandak,12.9515311,77.6109658,12.9514384,77.6031208,92.0,850.1949282106459
nileshdhandak,12.9335644,77.5895221,12.9297339,77.5911267,156.0,460.06388616898124
nileshdhandak,12.9533172,77.6194911,12.9524407,77.61361,44.0,644.7178865530719
nileshdhandak,12.9525152,77.6135653,12.9502472,77.6084491,128.0,609.085250489676
nileshdhandak,12.9504877,77.6084611,12.9548645,77.6122532,78.0,636.9628060285241
nileshdhandak,12.9490305,77.6172158,12.952748,77.6187359,82.0,444.980485861457
nileshdhandak,12.9378883,77.606597,12.9408993,77.6037544,59.0,454.96723970258546
nileshdhandak,12.9787698,77.6826708,12.9773003,77.677947,51.0,537.2946959321409
nileshdhandak,12.9819483,77.6776527,12.9756335,77.6819734,149.0,843.9357641265176
nileshdhandak,12.9459854,77.6182681,12.948621,77.6187564,143.0,297.8043148862373
nileshdhandak,12.9535383,77.614067,12.9551077,77.6166679,88.0,331.4978767414623
nileshdhandak,12.9552774,77.6165157,12.9521937,77.6143949,191.0,412.78615236774453
nileshdhandak,12.9521972,77.6146391,12.9537084,77.612775,108.0,262.75914659655774
nileshdhandak,12.9775804,77.672663,12.9806969,77.6690712,113.0,521.1096194363363
nileshdhandak,12.9557303,77.6876961,12.9584305,77.6801288,220.0,873.2600974215107
nileshdhandak,12.961513,77.6810023,12.9614106,77.6882079,216.0,780.8948602895445
nileshdhandak,12.9612605,77.6885452,12.96494,77.6811498,272.0,899.7758978539738
nileshdhandak,12.9663903,77.6784986,12.9659313,77.6813264,102.0,310.64123939629724
nileshdhandak,12.9660263,77.6814052,12.9678217,77.6799769,91.0,252.6055449493953
nileshdhandak,12.9665738,77.6875092,12.968877,77.6876213,45.0,256.39206135916504
nileshdhandak,12.969988,77.6904474,12.9720413,77.6886736,55.0,298.44786377616475
nileshdhandak,12.9723541,77.6906466,12.9689421,77.6928479,55.0,448.14928153732177
nileshdhandak,12.9681525,77.6912399,12.9725738,77.6838315,127.0,941.3384649439733
nileshdhandak,12.9725738,77.6838315,12.969629,77.6827195,60.0,348.9128009130024
nileshdhandak,12.9691489,77.683158,12.9698963,77.6813419,54.0,213.6185791381229
nileshdhandak,12.9417843,77.657801,12.9465705,77.6507139,335.0,934.3978429984247
nileshdhandak,12.9472039,77.6493857,12.9454029,77.6539255,69.0,531.1687434586006
nileshdhandak,12.9498476,77.6421774,12.9504304,77.6448057,55.0,292.09965300401086
nileshdhandak,12.9490282,77.6442232,12.9513534,77.6418456,146.0,365.0112911951807
nileshdhandak,12.9533807,77.6418359,12.953498,77.6395668,105.0,246.23738987232744
nileshdhandak,12.9535328,77.6508603,12.9548026,77.6553016,198.0,501.56544813168057
nileshdhandak,12.9548026,77.6553016,12.9541917,77.6504287,58.0,532.4023186567688
nileshdhandak,12.968085,77.5891647,12.9610708,77.5883271,359.0,785.2067641132905
nileshdhandak,12.9667812,77.6849825,12.9619471,77.6837115,263.0,554.8911791484205
nileshdhandak,12.9686502,77.6352609,12.9668967,77.6344563,81.0,213.58526422269966
nileshdhandak,12.9697277,77.6298165,12.9699025,77.6268149,137.0,325.8281426910921
nileshdhandak,12.970064,77.6266896,12.96745,77.6265097,110.0,291.3164902657057
nileshdhandak,12.9680421,77.6258295,12.9719013,77.6258065,123.0,429.1306979728305
nileshdhandak,12.9747851,77.6299579,12.9730106,77.6318875,74.0,287.4885938937188
nileshdhandak,12.9730083,77.6319042,12.9720534,77.6276855,126.0,469.2952539847227
nileshdhandak,12.9717042,77.627906,12.9716778,77.6339974,95.0,660.0545104168956
nileshdhandak,12.9354698,77.6154574,12.9345543,77.6189138,190.0,388.1679189110803
nileshdhandak,12.9729821,77.6032016,12.9719166,77.6070202,137.0,430.40034455195905
nileshdhandak,12.9720024,77.6070065,12.9681,77.6061588,209.0,443.54264496725045
nileshdhandak,12.9671896,77.6109651,12.9742346,77.6110137,186.0,783.3859589689714
nileshdhandak,12.9674469,77.5886393,12.9761925,77.5870955,93.0,986.7492431137572
nileshdhandak,12.9815901,77.6055269,12.9819688,77.6089525,178.0,373.55490561302577
ompatekar,12.95002,77.6255003,12.9552359,77.6267568,131.0,595.7504639102451
ompatekar,12.9465409,77.6276164,12.9466175,77.6257375,62.0,203.7912405228461
ompatekar,12.9463038,77.6255265,12.9449787,77.63109,97.0,620.652789567976
ompatekar,12.9449787,77.63109,12.9468648,77.6259698,180.0,593.1810802707146
ompatekar,12.9470709,77.6260299,12.949152,77.622896,182.0,410.9583033826609
ompatekar,12.9444715,77.6309451,12.9467682,77.6244527,102.0,748.4881714577089
ompatekar,12.9401588,77.6350741,12.9426462,77.6351827,104.0,276.8365398870715
ompatekar,12.9432567,77.6355331,12.9378729,77.6320257,248.0,709.1257915518053
ompatekar,12.9378729,77.6320257,12.9416633,77.6363037,224.0,626.5588180185554
ompatekar,12.9401717,77.6308099,12.9405853,77.6256692,62.0,558.9977671499826
ompatekar,12.9405853,77.6256692,12.9417857,77.6298526,56.0,472.598845063608
ompatekar,12.9489893,77.6349569,12.943016,77.62959,132.0,882.8503008747177
ompatekar,12.9431121,77.6305894,12.9451635,77.6268529,98.0,464.7514226466223
ompatekar,12.9447172,77.6268561,12.9437062,77.628504,50.0,211.01961518263445
ompatekar,12.9437062,77.628504,12.9435157,77.630402,68.0,206.77332540377031
ompatekar,12.9469881,77.6282683,12.9493431,77.6270204,130.0,294.7209761006685
ompatekar,12.9493431,77.6270204,12.9545911,77.6221125,122.0,789.5538646195723
ompatekar,12.9466059,77.6282584,12.9394842,77.6281843,208.0,791.9376230404971
ompatekar,12.9394121,77.6279007,12.9422564,77.6263274,107.0,359.3020611783777
ompatekar,12.9696969,77.6150526,12.9722558,77.615705,111.0,293.1869159201305
ompatekar,12.9702536,77.6161333,12.9650031,77.6143646,297.0,614.4817428062362
ompatekar,12.9650031,77.6143646,12.9690703,77.6201798,291.0,775.6271953100496
ompatekar,12.9554729,77.6187283,12.9595055,77.6201471,115.0,474.03019934953653
ompatekar,12.9593426,77.6196556,12.9569644,77.6175064,96.0,352.37800892179405
ompatekar,12.9612863,77.617702,12.9580037,77.62062,141.0,482.9233116264427
ompatekar,12.9647004,77.6151211,12.9605923,77.6195392,138.0,661.7164593511376
ompatekar,12.9559734,77.6168995,12.9642294,77.6161952,156.0,921.1922519319602
ompatekar,12.9549816,77.6169506,12.9569059,77.6201358,62.0,406.10438540133185
ompatekar,12.9571952,77.6173832,12.9656379,77.6191417,134.0,957.9295234545393
ompatekar,12.9656379,77.6191417,12.9573584,77.616275,191.0,971.6340512298486
ompatekar,12.9577474,77.6153642,12.9588402,77.6088739,317.0,713.7296320700844
ompatekar,12.9613406,77.6075752,12.9613322,77.6126698,108.0,552.0611345329874
ompatekar,12.96122,77.6142922,12.9600948,77.6126909,70.0,213.92393307967998
ompatekar,12.9600948,77.6126909,12.9664709,77.6079204,368.0,877.4336658443912
ompatekar,12.9697974,77.6130687,12.9695819,77.6105422,131.0,274.81375995234055
ompatekar,12.9587866,77.6136547,12.9642548,77.6107442,329.0,684.9648423639651
ompatekar,12.9642548,77.6107442,12.9647131,77.6057904,131.0,539.2097488341328
ompatekar,12.9718074,77.6067816,12.9718834,77.6134369,72.0,721.1997603262932
ompatekar,12.9669817,77.6046446,12.9654261,77.6057517,96.0,210.50394183625065
ompatekar,12.9692289,77.6099363,12.9677105,77.6076064,68.0,303.71863196832334
ompatekar,12.9706797,77.6246477,12.9703257,77.6214588,47.0,347.7772371018721
ompatekar,12.9625151,77.6225186,12.9617435,77.627813,284.0,580.089272036938
ompatekar,12.9598491,77.6313192,12.9622718,77.6300443,126.0,302.7501207996574
ompatekar,12.9619749,77.6311614,12.9654188,77.6310292,66.0,383.2120569998302
ompatekar,12.96317,77.6316379,12.9654462,77.6319535,29.0,255.4018631137463
ompatekar,12.965565,77.6331813,12.9603422,77.6329161,87.0,581.4594385675483
ompatekar,12.9615633,77.6336173,12.9567265,77.6370375,172.0,653.1612287353994
ompatekar,12.9725997,77.6319794,12.9703199,77.6277836,133.0,520.544460037296
ompatekar,12.9685557,77.6275904,12.9712905,77.636265,241.0,987.929886014652
ompatekar,12.9712905,77.636265,12.968284,77.6337039,136.0,434.48445866952665
ompatekar,12.9657835,77.6299125,12.9653149,77.6349679,235.0,550.2758134599032
ompatekar,12.9671224,77.6243522,12.9639589,77.6255678,109.0,375.6188576320163
ompatekar,12.979326,77.6242936,12.9750896,77.6312008,199.0,884.3357854808756
ompatekar,12.9549986,77.6625067,12.9533463,77.6581377,144.0,507.8458721948816
ompatekar,12.9465625,77.6641332,12.9434878,77.6632233,36.0,355.8263806313364
ompatekar,12.9430687,77.6637686,12.942871,77.6724732,80.0,943.5723268547254
ompatekar,12.9446587,77.6728875,12.9443832,77.674775,28.0,206.8280852816581
ompatekar,12.9443832,77.674775,12.9476463,77.6737917,85.0,378.1636651555267
ompatekar,12.945562,77.6727898,12.9443726,77.6639473,186.0,967.336422446826
ompatekar,12.9662282,77.6336216,12.9712815,77.6359973,163.0,618.0631579807073
ompatekar,12.9708984,77.6359973,12.9706698,77.6281837,153.0,847.0455936810949
ompatekar,12.9459467,77.6536767,12.9443477,77.652792,47.0,202.00223449136064
ompatekar,12.963677,77.6115488,12.9572672,77.6054528,215.0,971.7794497116566
ompatekar,12.9573085,77.6054612,12.955968,77.6094185,221.0,453.99537767325177
ompatekar,12.9554223,77.6146824,12.9633159,77.6118585,447.0,929.5408950830043
ompatekar,12.947466,77.6068994,12.9540087,77.6115547,129.0,885.3116099473215
ompatekar,12.9531001,77.6111742,12.94874,77.6108588,139.0,486.02426833555944
ompatekar,12.9724675,77.6126095,12.9709947,77.6081922,151.0,505.8880684104839
ompatekar,12.971118,77.6078502,12.9730728,77.6159195,307.0,900.9794332843182
ompatekar,12.9419263,77.6066208,12.939509,77.6073086,128.0,278.93494035673746
ompatekar,12.9682005,77.6234394,12.9700331,77.6266268,155.0,401.015180760108
ompatekar,12.973292,77.6570032,12.9707827,77.6543123,82.0,403.5726938814637
ompatekar,12.9576936,77.5981251,12.9574723,77.6008812,79.0,299.67265265743475
ompatekar,12.9682716,77.664267,12.9670768,77.6716322,120.0,809.0689975073241
osmr,12.9342068,77.6896834,12.9363406,77.691847,96.0,333.579208328913
pratikyadav,12.9821458,77.6247446,12.9868631,77.6193366,145.0,786.4468270376431
pratikyadav,12.9874842,77.6219387,12.9819956,77.6157736,123.0,904.8171215300191
premkumar,12.9668147,77.5946507,12.9655872,77.5925073,19.0,269.3954545683564
premkumar,12.967605,77.5920341,12.9636025,77.5901592,165.0,489.23617192151136
priya321,12.9470782,77.6272286,12.9418184,77.6279371,272.0,589.8812772837995
pujarinee,12.948263,77.6813318,12.9412978,77.6792525,220.0,806.608190562775
rajanik,12.9819458,77.6228467,12.9817425,77.6286922,226.0,633.7803314797112
rajanik,12.9745183,77.6167302,12.9720218,77.6220108,149.0,635.9717519246465
rajanik,12.9716326,77.6222636,12.9692508,77.6176146,244.0,569.1329873332339
rajanik,12.9719177,77.5941235,12.9684709,77.5948189,136.0,390.60375101714993
rajanik,12.9737932,77.6578454,12.9700539,77.659429,216.0,449.80773746781966
rajanik,12.9600354,77.6011943,12.9584779,77.6050156,201.0,448.84426409540265
rajanik,12.9801295,77.597962,12.9837494,77.5973414,153.0,408.0927144975835
rajanik,12.946896,77.6619095,12.9460571,77.6672917,108.0,590.6722134318992
rajanik,12.9389195,77.5919666,12.9393403,77.5892549,89.0,297.5728091105701
rajanik,12.9591025,77.643766,12.9598219,77.6474958,185.0,412.0112532690737
rajanik,12.975674,77.5999375,12.9756478,77.6052774,68.0,578.6155294273417
rajanik,12.9749715,77.6046716,12.9775744,77.5990129,117.0,678.0286055830373
rajanik,12.9775744,77.5990129,12.978616,77.5938855,160.0,567.5213024955043
rajanik,12.9716853,77.594476,12.9703064,77.5916286,80.0,344.5352185112791
rajanik,12.952577,77.6433521,12.9542192,77.6494448,206.0,685.0238776775363
rajanik,12.9732211,77.6829728,12.9746125,77.6785972,126.0,498.72936820753705
rajashaker,12.9313997,77.6844372,12.9362175,77.6868438,17.0,595.8301896975108
rajashaker,12.9415217,77.6795368,12.9361968,77.6866039,11.0,968.0632122143169
rajashaker,12.9363221,77.6865341,12.9390831,77.6895273,153.0,446.6281439106391
rajashaker,12.930327,77.668074,12.9300188,77.6711841,25.0,338.79609646956044
rajashaker,12.9300188,77.6711841,12.9273644,77.6682897,9.0,430.713812516105
ramyaragupathy,12.9799667,77.6380551,12.9792761,77.6449075,165.0,746.4447398568301
ramyaragupathy,12.9772538,77.6404244,12.9755762,77.6367137,18.0,443.2390947276609
ramyaragupathy,12.9690235,77.6481408,12.9691589,77.6548253,188.0,724.4787569678597
ramyaragupathy,12.9730707,77.6471088,12.972092,77.6526058,126.0,605.4982361538471
ramyaragupathy,12.9712159,77.6558053,12.9719805,77.6474011,191.0,914.6173473751892
ranjithjoy,12.9730808,77.6482523,12.9730492,77.6505163,119.0,245.3448557482556
ravidwivedi,12.9387406,77.5982333,12.946562,77.5959207,390.0,905.0893260724897
rdz3056,12.949295,77.5931079,12.9555357,77.5918347,11.0,707.5172892092797
rdz3056,12.9555357,77.5918347,12.9580965,77.593251,12.0,323.47518207328346
rdz3056,12.9594205,77.5937772,12.9667854,77.5985305,38.0,967.4512408592595
rdz3056,12.9667854,77.5985305,12.9689652,77.6064394,59.0,890.6174437946745
rdz3056,12.9454861,77.595168,12.9496879,77.5931127,6.0,517.5919249007661
rdz3056,12.9817683,77.6094265,12.9791268,77.6154453,63.0,715.2500759638309
rdz3056,12.9729083,77.6084987,12.9687541,77.6149468,7.0,837.5913886157841
rdz3056,12.9549365,77.5915735,12.9500152,77.5929905,11.0,568.3595335793991
rdz3056,12.9500152,77.5929905,12.9453166,77.5950506,6.0,568.1591851261392
rdz3056,12.9390995,77.5946074,12.9360687,77.5926009,6.0,401.0728633919705
rouelibre1,12.9830301,77.5943718,12.9803653,77.5950694,8.0,305.8011537656338
rouelibre1,12.9803653,77.5950694,12.9790476,77.5935254,11.0,222.38998972161528
rouelibre1,12.967569,77.5896565,12.9655171,77.5949458,41.0,616.8907428595573
rsanthosh,12.974636,77.6167791,12.9701822,77.6135417,251.0,606.8935759500735
rsanthosh,12.944022,77.5950026,12.9457114,77.5908809,212.0,484.55951339122004
rsanthosh,12.9328452,77.6253623,12.9316175,77.6222033,112.0,368.56897668319317
rsanthosh,12.9328445,77.6244393,12.9342792,77.6210027,140.0,405.1669168973238
rsanthosh,12.934273,77.62264,12.9353718,77.619174,124.0,394.9939406099144
rsanthosh,12.9349478,77.6190496,12.936079,77.6238,206.0,529.959031873059
rsanthosh,12.9629758,77.6121867,12.9615029,77.6179312,259.0,643.667598471446
rsanthosh,12.9677381,77.6210263,12.9678711,77.6244407,181.0,370.2765816403672
rsanthosh,12.9689811,77.6265408,12.9680577,77.6289032,107.0,275.8112134032757
rsanthosh,12.9661474,77.6299354,12.9640771,77.6287859,123.0,261.7449296544971
sagarawrz07,12.9712436,77.6471463,12.9737172,77.6435692,15.0,475.27910511585645
sagarawrz07,12.973626,77.6409736,12.9709404,77.6402441,13.0,308.90985205803867
sagarawrz07,12.968352,77.6361835,12.9638721,77.6400982,19.0,654.2842553055459
sagarawrz07,12.970241,77.6439739,12.975668,77.6413089,40.0,668.9890861542598
sagarawrz07,12.9737476,77.6412627,12.9699867,77.6402596,11.0,432.087483298454
sagarawrz07,12.9714838,77.6350988,12.9703801,77.632265,64.0,330.6810172512854
sagarawrz07,12.9703801,77.632265,12.9725047,77.6265299,201.0,664.8310637442553
sahilister,12.9679707,77.6000541,12.9708407,77.604667,96.0,593.0344427201136
saikumar,12.9435958,77.6036406,12.9389496,77.6020394,51.0,544.9961293126029
saikumar,12.9435688,77.6091765,12.9430866,77.6070432,55.0,237.32140342171098
saikumar,12.93374,77.6085654,12.9312314,77.6081478,45.0,282.5911143501051
saikumar,12.9309714,77.608441,12.9301084,77.6067951,45.0,202.54909328578347
saikumar,12.9275664,77.613123,12.9248682,77.6138149,60.0,309.25493021212577
saikumar,12.9310861,77.6013561,12.9241282,77.6062845,39.0,940.1451494902349
saikumar,12.9277959,77.6056579,12.9266737,77.6072636,13.0,214.1352369609238
saikumar,12.9280358,77.6040028,12.9261392,77.6071315,19.0,399.3115114158318
sakeebhussain,12.9843548,77.6103196,12.9852068,77.6186254,377.0,904.9199534084227
sakeebhussain,12.9304036,77.6141139,12.9254508,77.6087437,325.0,801.2657025470556
sakeebhussain,12.9743943,77.6283619,12.978138,77.6279568,150.0,418.58829425386364
sakeebhussain,12.9775606,77.6265957,12.9765269,77.6220458,158.0,506.2263878509803
sambreen,12.9620225,77.6547029,12.9683097,77.6604469,445.0,936.0316734365458
samuelmj,12.9768663,77.6780379,12.9741964,77.6747249,24.0,465.83868472393124
samuelmj,12.9834268,77.6739122,12.9769199,77.6739492,10.0,723.545375218973
samuelmj,12.9709147,77.672083,12.9646547,77.6734931,44.0,712.6532511446323
samuelmj,12.9689476,77.6657283,12.9685658,77.6678005,20.0,228.5189538860251
samuelmj,12.9697229,77.665691,12.9674337,77.6646141,18.0,280.0201722876166
samuelmj,12.983517,77.665108,12.9766647,77.6704535,33.0,957.0956721978457
samuelmj,12.9780782,77.6670778,12.9760116,77.6654752,14.0,288.0280887298392
samuelmj,12.974602,77.6661353,12.9676628,77.6701099,15.0,883.6606289676488
samuelmj,12.9831786,77.6661456,12.9821389,77.6681875,6.0,249.62958237811037
samuelmj,12.9668534,77.6723305,12.9642416,77.6712166,9.0,314.5030569244072
samuelmj,12.9680903,77.6695271,12.9658344,77.6784272,450.0,996.4983339901514
sanjayb,12.9762175,77.5892971,12.9804969,77.5898929,27.0,480.2068202367373
sebastic,12.9751875,77.6748506,12.972834,77.6780408,202.0,433.5654682620928
sebastic,12.966353,77.6657548,12.9701846,77.6701903,67.0,642.2798756684375
shalinins,12.9712662,77.6568447,12.9695596,77.6560275,18.0,209.40862446345662
shalinins,12.9739253,77.645798,12.9661924,77.6442062,21.0,876.9884740231346
shalinins,12.9779545,77.6469828,12.9699961,77.6504602,17.0,961.813232834683
shalinins,12.9690571,77.6492593,12.9662154,77.6500251,14.0,326.69700502124164
shalinins,12.9722209,77.6489092,12.9703455,77.6503299,20.0,259.2015560522254
shalinins,12.974867,77.6484831,12.9729751,77.6479109,11.0,219.31619110006793
shalinins,12.9743665,77.6483182,12.9725822,77.6505613,21.0,313.75172212951685
shalinins,12.9740333,77.6564658,12.9707116,77.657719,11.0,393.52731736933526
shalinins,12.9771841,77.6542202,12.974235,77.6497336,25.0,586.4084715843744
shalinins,12.9759717,77.6528213,12.9719062,77.654863,31.0,503.29333442486643
shalinins,12.9834425,77.6539427,12.9802089,77.6476518,40.0,770.6575110813174
shalinins,12.9835642,77.6581876,12.9832648,77.6550105,26.0,345.85197840619884
shalinins,12.9707144,77.6477317,12.9700442,77.6496088,6.0,216.62102578126957
shalinins,12.9688799,77.6510043,12.967106,77.6456978,11.0,607.8979452429984
shijo,12.9362517,77.6067826,12.9364151,77.6144033,20.0,826.0759441387127
shijo,12.927227,77.6207581,12.9258055,77.6251691,6.0,503.5045212207597
shivajim,12.9517569,77.5923594,12.9557729,77.5903365,31.0,497.4621909313174
shivajim,12.9541526,77.5945183,12.9623729,77.5938488,14.0,916.9302712420069
shivajim,12.9619024,77.5953861,12.9555891,77.5961258,20.0,706.568277849854
shravan91,12.9566808,77.6550802,12.9573199,77.6517482,12.0,367.99497119399615
shravan91,12.9662036,77.6674337,12.9617055,77.663044,33.0,690.2382837442086
shravan91,12.9628443,77.6521864,12.9641166,77.6555366,6.0,389.6229544543317
shravan91,12.9657159,77.6457784,12.9636378,77.6461907,10.0,235.35358357552772
shravan91,12.9669383,77.6498583,12.9646631,77.649791,6.0,253.09578258750835
srividya_c,12.9825303,77.6376589,12.9806272,77.6370878,79.0,220.47703400016982
subhankara,12.9384722,77.5925009,12.9397717,77.5882619,104.0,481.5765061770522
subhashini,12.9656256,77.6036069,12.9639237,77.600018,7.0,432.4947671313387
subhashini,12.9825203,77.601869,12.981851,77.6043612,24.0,280.10465904961876
subhashini,12.983544,77.6119743,12.9806967,77.6131856,19.0,342.73152594253685
subhashini,12.9756233,77.6165522,12.9781402,77.6077199,364.0,997.1065615655833
subhashini,12.9480918,77.5990742,12.9436785,77.6004715,40.0,513.5673605899724
subhashini,12.9507691,77.5992341,12.9475289,77.6013937,56.0,429.62953529755515
subhashini,12.9527953,77.6003597,12.950724,77.6002046,39.0,230.9305075627418
subhashini,12.9577666,77.5999315,12.9525222,77.6015289,41.0,608.2999688638952
subhashini,12.9607696,77.5998893,12.9590067,77.5979062,42.0,290.86989484094534
subhashini,12.963071,77.6153622,12.9628332,77.6128488,49.0,273.635522811739
subhashini,12.9613038,77.6129265,12.9564993,77.6118522,37.0,546.7727286184744
subhashini,12.9586934,77.6189785,12.9541403,77.6179453,23.0,518.5137403390764
subhashini,12.9747268,77.6057597,12.9721465,77.6062732,7.0,292.26166138560956
tjvrulz,12.9729723,77.6821538,12.9725553,77.6843094,88.0,238.13206347653036
tjvrulz,12.9727717,77.6840062,12.9687797,77.6886522,242.0,671.178325586266
tjvrulz,12.9790125,77.6835061,12.9715434,77.6810236,259.0,873.0010592147493
tusharvalvi,12.9495799,77.6004215,12.9467448,77.5946428,169.0,701.0977347124742
tusharvalvi,12.9459079,77.5899177,12.9437617,77.5907484,110.0,255.0611030285002
tusharvalvi,12.9459709,77.6004392,12.9490574,77.6019199,65.0,378.8613313630726
tusharvalvi,12.9461226,77.5922917,12.942971,77.5951324,89.0,466.4521989242437
tusharvalvi,12.943095,77.5948968,12.9480833,77.601411,117.0,897.7793427939506
tusharvalvi,12.948276,77.6009885,12.9521935,77.5983821,174.0,519.16180019546
tusharvalvi,12.9445347,77.5928783,12.9456474,77.6004563,89.0,830.4878955481964
tusharvalvi,12.9457528,77.600375,12.9437232,77.599426,67.0,248.00916286252587
tusharvalvi,12.9433519,77.6017579,12.9505403,77.6010932,372.0,802.5527392176372
tusharvalvi,12.950764,77.6004746,12.9442214,77.5986975,98.0,752.5617844369622
tusharvalvi,12.9438887,77.5999956,12.9460937,77.5912686,43.0,977.0016503962628
tusharvalvi,12.975016,77.6216731,12.974672,77.6240869,66.0,264.33193114982294
uknown-gryphus,12.9464473,77.6190951,12.9403296,77.6252042,241.0,949.2356633066667
uknown-gryphus,12.9412697,77.6239089,12.9495,77.6213828,473.0,955.233501663816
uknown-gryphus,12.9732079,77.6013489,12.9677349,77.6019454,28.0,611.9926366533447
uknown-gryphus,12.9667238,77.608777,12.9663221,77.6068047,29.0,218.33546203974203
uknown-gryphus,12.9679921,77.6106904,12.9750421,77.6078043,149.0,844.0008832772435
uknown-gryphus,12.9237231,77.6395054,12.9296149,77.6331155,106.0,953.3032069216013
v73p,12.9253921,77.591526,12.9276723,77.5998977,325.0,942.0608263034243
v73p,12.9276723,77.5998977,12.9286469,77.5923821,117.0,821.6905166659657
v73p,12.9280886,77.5907194,12.9277413,77.5939439,59.0,351.5869949346894
vamshiN,12.9758184,77.633509,12.9780394,77.6358698,13.0,355.5660328584642
vamshiN,12.9725143,77.6387681,12.9701762,77.6360858,38.0,389.9589703860466
vamshiN,12.9763215,77.6315329,12.9765947,77.6267479,26.0,519.3691924111623
vamshiN,12.9819495,77.6268664,12.9800172,77.6285622,11.0,282.7155483705741
vamshiN,12.980039,77.627877,12.9779328,77.6258643,43.0,320.0154414360503
vamshiN,12.9782607,77.6297761,12.9761227,77.6318211,76.0,324.98941193400606
vamshiN,12.9684767,77.6312945,12.9678623,77.6238346,160.0,811.2283131278482
vamshiN,12.9687692,77.6271482,12.9749721,77.6267389,315.0,691.1554423159033
vamshikrishna,12.983796,77.6753798,12.9836737,77.6732465,62.0,231.54723874769255
venkanna37,12.9778659,77.63007,12.9727183,77.6347734,148.0,766.3944286392906
venkatesh-Elintsys,12.9663767,77.5984039,12.9684968,77.6063205,74.0,889.639732932906
venugopal009,12.9561991,77.6874865,12.9608435,77.6846482,38.0,601.0833670588061
venugopal009,12.963156,77.6842333,12.9574196,77.6887491,14.0,803.940112727551
vikrambagade,12.9284833,77.6106632,12.9267004,77.6146517,200.0,475.5537533415082
vikrambagade,12.9276056,77.6044539,12.9310026,77.6090185,188.0,622.4143490888343
vikrambagade,12.9312968,77.6088631,12.9323196,77.6164381,62.0,828.778829120277
vikrambagade,12.9325663,77.61632,12.9312712,77.6098104,80.0,720.0238509965807
vikrambagade,12.9705891,77.5974099,12.9646829,77.5987798,65.0,673.3064060040704
vikrambagade,12.9646251,77.5944136,12.9588813,77.5987818,37.0,794.9653534686692
vikrambagade,12.9590465,77.5985482,12.9573998,77.6008318,69.0,307.8358460781326
vikrambagade,12.957414,77.6005631,12.9601527,77.6011924,90.0,312.07131356435093
vikrambagade,12.9642164,77.5905931,12.9601723,77.5970152,60.0,828.5550977685365
vikrambagade,12.9630798,77.5947227,12.9600398,77.6008173,258.0,741.9047994339878
vikrambagade,12.961485,77.5982852,12.9607551,77.6022398,97.0,436.1462476879075
vikrambagade,12.9597262,77.5955866,12.957117,77.6030044,112.0,854.5732960405409
vikrambagade,12.9277457,77.6035429,12.9277981,77.6066935,35.0,341.5005663161293
vikrambagade,12.9672197,77.5988339,12.9600807,77.6010693,45.0,829.9556724344276
vikramsingh,12.9717324,77.6902707,12.9688291,77.6884251,19.0,379.75628416878345
vikramsingh,12.9692031,77.6827496,12.9688979,77.6845749,26.0,200.67712384047155
vikramsingh,12.9738435,77.6857625,12.9712162,77.6853898,20.0,294.9205312727775
vikramsingh,12.9833137,77.6798996,12.98109,77.6799545,23.0,247.3357019742984
vikramsingh,12.9805701,77.6848902,12.9786548,77.6820235,53.0,376.61723687746337
vikramsingh,12.9716501,77.6802774,12.9698186,77.6823133,19.0,300.235865903435
vikramsingh,12.9687716,77.6817442,12.9660397,77.6796042,20.0,382.1657679149623
waseempasha,12.973564,77.6763193,12.973239,77.6853376,437.0,977.8604024606673
wheelmap_visitor,12.9573591,77.6537096,12.9583725,77.66084,153.0,780.8478124912427
wheelmap_visitor,12.9583725,77.66084,12.956878,77.6569913,11.0,448.94751398154057
wheelmap_visitor,12.956878,77.6569913,12.9598393,77.6500954,130.0,816.5941991887495
wheelmap_visitor,12.9548871,77.6587436,12.9548569,77.6608219,11.0,225.23933958582523
wheelmap_visitor,12.9548569,77.6608219,12.9533697,77.6525624,76.0,910.1894901895155
wheelmap_visitor,12.9535965,77.660901,12.95615,77.6618768,21.0,302.9871527893138
wheelmap_visitor,12.9568097,77.6604327,12.958338,77.6594267,61.0,201.8992731906499
wheelmap_visitor,12.975729,77.5992456,12.9727309,77.5997185,61.0,337.2886087015076
wheelmap_visitor,12.9789613,77.6754519,12.9772353,77.6747329,14.0,207.1321171982827
wheelmap_visitor,12.9772353,77.6747329,12.9739312,77.6736939,24.0,384.26129280614333
wheelmap_visitor,12.9739312,77.6736939,12.9757537,77.6762462,33.0,342.85841912232314
wheelmap_visitor,12.9757537,77.6762462,12.9793392,77.6795278,24.0,534.2174952802962
woodpeck_repair,12.982616,77.5924776,12.98018,77.5901154,40.0,372.6691692931469
woodpeck_repair,12.9831663,77.5957026,12.9801346,77.5900351,6.0,700.5357323194645
woodpeck_repair,12.9802322,77.5901163,12.98043,77.5932014,8.0,335.0044428258475
woodpeck_repair,12.98043,77.5932014,12.9818806,77.5944471,30.0,210.32332491399967
woodpeck_repair,12.9818806,77.5944471,12.980221,77.5901166,6.0,504.2079987125814
yogi_ks,12.9739292,77.6232945,12.9750047,77.6200027,149.0,376.20106790028944
yogi_ks,12.9776613,77.6416286,12.9709774,77.6410458,14.0,745.8938284639898
yogi_ks,12.9719867,77.640917,12.9701849,77.6438014,14.0,371.2492115242306
yogi_ks,12.9743257,77.6409001,12.9702415,77.6446226,13.0,607.4075737590172
yogi_ks,12.9774668,77.6363765,12.9780369,77.633104,7.0,360.21272550375147
yogi_ks,12.9781358,77.6363184,12.97805,77.6334336,103.0,312.7268086642115
yogi_ks,12.9770253,77.6362533,12.9701421,77.6314807,16.0,923.7088600978013
yogi_ks,12.9651393,77.6383211,12.963753,77.6419024,9.0,417.5662314283006
yogi_ks,12.964004,77.6418156,12.966521,77.6415831,10.0,281.009274389008
yogi_ks,12.966521,77.6415831,12.9741028,77.6413363,29.0,843.4817432079094
yogi_ks,12.9643354,77.6381007,12.9637946,77.6423264,18.0,461.8314211913193
yogi_ks,12.9338837,77.6072471,12.942312,77.60802,47.0,940.9198048543052
zuron7,12.9784362,77.638083,12.9714323,77.6349013,391.0,851.6943809554045
zuron7,12.9726528,77.6319,12.9737592,77.6357031,131.0,430.0635838399007
zuron7,12.9701862,77.6402972,12.9739722,77.6459476,249.0,743.0286571451543
